"Longitude (x)","Latitude (y)","Station Name","Climate ID","Date/Time","Year","Month","Day","Data Quality","Max Temp (°C)","Max Temp Flag","Min Temp (°C)","Min Temp Flag","Mean Temp (°C)","Mean Temp Flag","Heat Deg Days (°C)","Heat Deg Days Flag","Cool Deg Days (°C)","Cool Deg Days Flag","Total Rain (mm)","Total Rain Flag","Total Snow (cm)","Total Snow Flag","Total Precip (mm)","Total Precip Flag","Snow on Grnd (cm)","Snow on Grnd Flag","Dir of Max Gust (10s deg)","Dir of Max Gust Flag","Spd of Max Gust (km/h)","Spd of Max Gust Flag"
"-102.46","51.26","YORKTON","4019073","2020-01-01","2020","01","01","","-0.9","","-10.4","","-5.6","","23.6","","0.0","","","","","","0.1","","3","","31","","34",""
"-102.46","51.26","YORKTON","4019073","2020-01-02","2020","01","02","","-2.1","","-6.0","","-4.1","","22.1","","0.0","","","","","","0.1","","5","","","","",""
"-102.46","51.26","YORKTON","4019073","2020-01-03","2020","01","03","","-2.3","","-9.3","","-5.8","","23.8","","0.0","","","","","","0.0","","4","","","","",""
"-102.46","51.26","YORKTON","4019073","2020-01-04","2020","01","04","","-1.3","","-9.0","","-5.2","","23.2","","0.0","","","","","","0.0","","4","","31","","68",""
"-102.46","51.26","YORKTON","4019073","2020-01-05","2020","01","05","","-3.1","","-12.4","","-7.7","","25.7","","0.0","","","","","","0.0","","4","","31","","61",""
"-102.46","51.26","YORKTON","4019073","2020-01-06","2020","01","06","","-2.9","","-17.4","","-10.1","","28.1","","0.0","","","","","","0.0","","4","","29","","65",""
"-102.46","51.26","YORKTON","4019073","2020-01-07","2020","01","07","","-17.4","","-28.0","","-22.7","","40.7","","0.0","","","","","","0.0","","4","","31","","39",""
"-102.46","51.26","YORKTON","4019073","2020-01-08","2020","01","08","","-14.8","","-27.9","","-21.3","","39.3","","0.0","","","","","","2.0","","4","","13","","55",""
"-102.46","51.26","YORKTON","4019073","2020-01-09","2020","01","09","","-15.0","","-24.1","","-19.6","","37.6","","0.0","","","","","","2.8","","4","","30","","40",""
"-102.46","51.26","YORKTON","4019073","2020-01-10","2020","01","10","","-22.6","","-28.4","","-25.5","","43.5","","0.0","","","","","","0.0","","9","","30","","38",""
"-102.46","51.26","YORKTON","4019073","2020-01-11","2020","01","11","","-14.7","","-25.4","","-20.0","","38.0","","0.0","","","","","","0.7","","11","","14","","57",""
"-102.46","51.26","YORKTON","4019073","2020-01-12","2020","01","12","","-12.6","","-17.0","","-14.8","","32.8","","0.0","","","","","","1.6","","20","","15","","39",""
"-102.46","51.26","YORKTON","4019073","2020-01-13","2020","01","13","","-17.0","","-25.0","","-21.0","","39.0","","0.0","","","","","","0.8","","21","","31","","37",""
"-102.46","51.26","YORKTON","4019073","2020-01-14","2020","01","14","","-25.0","","-32.4","","-28.7","","46.7","","0.0","","","","","","0.0","","20","","","","",""
"-102.46","51.26","YORKTON","4019073","2020-01-15","2020","01","15","","-27.2","","-34.1","","-30.6","","48.6","","0.0","","","","","","0.2","","20","","","","",""
"-102.46","51.26","YORKTON","4019073","2020-01-16","2020","01","16","","-19.0","","-38.4","","-28.7","","46.7","","0.0","","","","","","0.0","","19","","13","","36",""
"-102.46","51.26","YORKTON","4019073","2020-01-17","2020","01","17","","-19.5","","-23.9","","-21.7","","39.7","","0.0","","","","","","0.4","","16","","14","","37",""
"-102.46","51.26","YORKTON","4019073","2020-01-18","2020","01","18","","-19.7","","-23.5","","-21.6","","39.6","","0.0","","","","","","1.4","","16","","31","","42",""
"-102.46","51.26","YORKTON","4019073","2020-01-19","2020","01","19","","-19.3","","-26.3","","-22.8","","40.8","","0.0","","","","","","0.1","","16","","","","",""
"-102.46","51.26","YORKTON","4019073","2020-01-20","2020","01","20","","-10.1","","-25.7","","-17.9","","35.9","","0.0","","","","","","0.0","","15","","17","","31",""
"-102.46","51.26","YORKTON","4019073","2020-01-21","2020","01","21","","1.6","","-10.9","","-4.6","","22.6","","0.0","","","","","","0.0","","16","","","","",""
"-102.46","51.26","YORKTON","4019073","2020-01-22","2020","01","22","","-5.0","","-14.2","","-9.6","","27.6","","0.0","","","","","","0.0","","15","","","","",""
"-102.46","51.26","YORKTON","4019073","2020-01-23","2020","01","23","","-6.1","","-10.8","","-8.4","","26.4","","0.0","","","","","","0.0","","15","","","","",""
"-102.46","51.26","YORKTON","4019073","2020-01-24","2020","01","24","","-7.2","","-11.4","","-9.3","","27.3","","0.0","","","","","","0.0","","15","","16","","36",""
"-102.46","51.26","YORKTON","4019073","2020-01-25","2020","01","25","","-2.9","","-10.3","","-6.6","","24.6","","0.0","","","","","","0.5","","15","","16","","33",""
"-102.46","51.26","YORKTON","4019073","2020-01-26","2020","01","26","","-5.5","","-10.4","","-8.0","","26.0","","0.0","","","","","","0.8","","16","","","","",""
"-102.46","51.26","YORKTON","4019073","2020-01-27","2020","01","27","","-7.4","","-12.2","","-9.8","","27.8","","0.0","","","","","","0.0","","16","","","","",""
"-102.46","51.26","YORKTON","4019073","2020-01-28","2020","01","28","","-5.8","","-7.7","","-6.7","","24.7","","0.0","","","","","","0.0","","16","","","","",""
"-102.46","51.26","YORKTON","4019073","2020-01-29","2020","01","29","","-6.2","","-8.4","","-7.3","","25.3","","0.0","","","","","","0.0","","16","","","","",""
"-102.46","51.26","YORKTON","4019073","2020-01-30","2020","01","30","","-3.4","","-11.2","","-7.3","","25.3","","0.0","","","","","","0.2","","16","","","","",""
"-102.46","51.26","YORKTON","4019073","2020-01-31","2020","01","31","","2.2","","-12.3","","-5.1","","23.1","","0.0","","","","","","0.0","","15","","29","","48",""
"-102.46","51.26","YORKTON","4019073","2020-02-01","2020","02","01","","-0.9","","-10.4","","-5.7","","23.7","","0.0","","","","","","0.0","","16","","","","",""
"-102.46","51.26","YORKTON","4019073","2020-02-02","2020","02","02","","-1.5","","-15.5","","-8.5","","26.5","","0.0","","","","","","0.1","","16","","30","","74",""
"-102.46","51.26","YORKTON","4019073","2020-02-03","2020","02","03","","-15.1","","-23.0","","-19.1","","37.1","","0.0","","","","","","0.0","","14","","32","","37",""
"-102.46","51.26","YORKTON","4019073","2020-02-04","2020","02","04","","-8.7","","-22.9","","-15.8","","33.8","","0.0","","","","","","0.0","","15","","22","","37",""
"-102.46","51.26","YORKTON","4019073","2020-02-05","2020","02","05","","-7.2","","-14.7","","-11.0","","29.0","","0.0","","","","","","0.8","","15","","10","","35",""
"-102.46","51.26","YORKTON","4019073","2020-02-06","2020","02","06","","-14.7","","-26.0","","-20.4","","38.4","","0.0","","","","","","0.2","","16","","9","","31",""
"-102.46","51.26","YORKTON","4019073","2020-02-07","2020","02","07","","-6.9","","-23.4","","-15.1","","33.1","","0.0","","","","","","0.3","","17","","32","","35",""
"-102.46","51.26","YORKTON","4019073","2020-02-08","2020","02","08","","-5.6","","-16.2","","-10.9","","28.9","","0.0","","","","","","0.0","","17","","","","",""
"-102.46","51.26","YORKTON","4019073","2020-02-09","2020","02","09","","-3.7","","-16.5","","-10.1","","28.1","","0.0","","","","","","0.0","","16","","25","","39",""
"-102.46","51.26","YORKTON","4019073","2020-02-10","2020","02","10","","-6.1","","-12.1","","-9.1","","27.1","","0.0","","","","","","0.0","","16","","30","","47",""
"-102.46","51.26","YORKTON","4019073","2020-02-11","2020","02","11","","-3.4","","-20.7","","-12.0","","30.0","","0.0","","","","","","0.0","","14","","3","","53",""
"-102.46","51.26","YORKTON","4019073","2020-02-12","2020","02","12","","-20.7","","-31.1","","-25.9","","43.9","","0.0","","","","","","0.0","","14","","4","","40",""
"-102.46","51.26","YORKTON","4019073","2020-02-13","2020","02","13","","-17.0","","-31.6","","-24.3","","42.3","","0.0","","","","","","0.0","","14","","16","","44",""
"-102.46","51.26","YORKTON","4019073","2020-02-14","2020","02","14","","-4.1","","-17.0","","-10.5","","28.5","","0.0","","","","","","0.0","","15","","31","","49",""
"-102.46","51.26","YORKTON","4019073","2020-02-15","2020","02","15","","-8.1","","-23.2","","-15.6","","33.6","","0.0","","","","","","0.0","","15","","32","","49",""
"-102.46","51.26","YORKTON","4019073","2020-02-16","2020","02","16","","-10.5","","-26.5","","-18.5","","36.5","","0.0","","","","","","0.6","","15","","14","","40",""
"-102.46","51.26","YORKTON","4019073","2020-02-17","2020","02","17","","-12.1","","-19.1","","-15.6","","33.6","","0.0","","","","","","0.3","","18","","33","","40",""
"-102.46","51.26","YORKTON","4019073","2020-02-18","2020","02","18","","-19.1","","-28.0","","-23.5","","41.5","","0.0","","","","","","0.0","","15","","30","","38",""
"-102.46","51.26","YORKTON","4019073","2020-02-19","2020","02","19","","-15.6","","-29.3","","-22.5","","40.5","","0.0","","","","","","0.0","","15","","22","","31",""
"-102.46","51.26","YORKTON","4019073","2020-02-20","2020","02","20","","-1.5","","-18.4","","-9.9","","27.9","","0.0","","","","","","0.0","","15","","21","","38",""
"-102.46","51.26","YORKTON","4019073","2020-02-21","2020","02","21","","3.1","","-10.1","","-3.5","","21.5","","0.0","","","","","","0.0","","15","","25","","36",""
"-102.46","51.26","YORKTON","4019073","2020-02-22","2020","02","22","","4.2","","-9.9","","-2.9","","20.9","","0.0","","","","","","0.0","","15","","30","","39",""
"-102.46","51.26","YORKTON","4019073","2020-02-23","2020","02","23","","-0.4","","-12.8","","-6.6","","24.6","","0.0","","","","","","0.0","","15","","30","","45",""
"-102.46","51.26","YORKTON","4019073","2020-02-24","2020","02","24","","-2.7","","-14.4","","-8.5","","26.5","","0.0","","","","","","0.0","","14","","","","",""
"-102.46","51.26","YORKTON","4019073","2020-02-25","2020","02","25","","-8.4","","-18.3","","-13.3","","31.3","","0.0","","","","","","0.0","","15","","","","",""
"-102.46","51.26","YORKTON","4019073","2020-02-26","2020","02","26","","-9.3","","-16.8","","-13.0","","31.0","","0.0","","","","","","0.1","","15","","14","","38",""
"-102.46","51.26","YORKTON","4019073","2020-02-27","2020","02","27","","-4.5","","-11.4","","-7.9","","25.9","","0.0","","","","","","0.5","","15","","","","",""
"-102.46","51.26","YORKTON","4019073","2020-02-28","2020","02","28","","2.4","","-6.8","","-2.2","","20.2","","0.0","","","","","","0.1","","15","","","","",""
"-102.46","51.26","YORKTON","4019073","2020-02-29","2020","02","29","","0.0","","-10.9","","-5.5","","23.5","","0.0","","","","","","0.0","","15","","","","",""
"-102.46","51.26","YORKTON","4019073","2020-03-01","2020","03","01","","-0.9","","-15.9","","-8.4","","26.4","","0.0","","","","","","2.0","","17","","35","","62",""
"-102.46","51.26","YORKTON","4019073","2020-03-02","2020","03","02","","-0.2","","-15.9","","-8.1","","26.1","","0.0","","","","","","1.0","","15","","31","","58",""
"-102.46","51.26","YORKTON","4019073","2020-03-03","2020","03","03","","-0.9","","-9.8","","-5.4","","23.4","","0.0","","","","","","0.2","","15","","30","","46",""
"-102.46","51.26","YORKTON","4019073","2020-03-04","2020","03","04","","-0.3","","-6.9","","-3.6","","21.6","","0.0","","","","","","1.4","","15","","8","","33",""
"-102.46","51.26","YORKTON","4019073","2020-03-05","2020","03","05","","-0.4","","-7.0","","-3.7","","21.7","","0.0","","","","","","0.0","","15","","","","",""
"-102.46","51.26","YORKTON","4019073","2020-03-06","2020","03","06","","5.7","","-3.5","","1.1","","16.9","","0.0","","","","","","0.0","","15","","18","","43",""
"-102.46","51.26","YORKTON","4019073","2020-03-07","2020","03","07","","-0.8","","-14.0","","-7.4","","25.4","","0.0","","","","","","0.0","","12","","5","","43",""
"-102.46","51.26","YORKTON","4019073","2020-03-08","2020","03","08","","-13.4","","-20.3","","-16.8","","34.8","","0.0","","","","","","1.1","","12","","3","","41",""
"-102.46","51.26","YORKTON","4019073","2020-03-09","2020","03","09","","-5.7","","-20.4","","-13.0","","31.0","","0.0","","","","","","0.0","","16","","","","",""
"-102.46","51.26","YORKTON","4019073","2020-03-10","2020","03","10","","0.6","","-12.3","","-5.8","","23.8","","0.0","","","","","","0.0","","16","","15","","35",""
"-102.46","51.26","YORKTON","4019073","2020-03-11","2020","03","11","","3.4","","-5.4","","-1.0","","19.0","","0.0","","","","","","0.0","","15","","30","","38",""
"-102.46","51.26","YORKTON","4019073","2020-03-12","2020","03","12","","-1.7","","-12.3","","-7.0","","25.0","","0.0","","","","","","0.0","","13","","31","","55",""
"-102.46","51.26","YORKTON","4019073","2020-03-13","2020","03","13","","-10.9","","-20.3","","-15.6","","33.6","","0.0","","","","","","0.0","","13","","32","","38",""
"-102.46","51.26","YORKTON","4019073","2020-03-14","2020","03","14","","-10.1","","-22.6","","-16.3","","34.3","","0.0","","","","","","0.0","","13","","","","",""
"-102.46","51.26","YORKTON","4019073","2020-03-15","2020","03","15","","-7.6","","-13.3","","-10.5","","28.5","","0.0","","","","","","1.7","","13","","29","","34",""
"-102.46","51.26","YORKTON","4019073","2020-03-16","2020","03","16","","-4.8","","-16.0","","-10.4","","28.4","","0.0","","","","","","0.0","","13","","31","","52",""
"-102.46","51.26","YORKTON","4019073","2020-03-17","2020","03","17","","-6.4","","-15.2","","-10.8","","28.8","","0.0","","","","","","0.0","","13","","","","",""
"-102.46","51.26","YORKTON","4019073","2020-03-18","2020","03","18","","-11.2","","-18.2","","-14.7","","32.7","","0.0","","","","","","0.1","","12","","","","",""
"-102.46","51.26","YORKTON","4019073","2020-03-19","2020","03","19","","-9.3","","-20.1","","-14.7","","32.7","","0.0","","","","","","0.0","","12","","","","",""
"-102.46","51.26","YORKTON","4019073","2020-03-20","2020","03","20","","-7.7","","-23.6","","-15.6","","33.6","","0.0","","","","","","0.0","","12","","","","",""
"-102.46","51.26","YORKTON","4019073","2020-03-21","2020","03","21","","-4.8","","-18.1","","-11.4","","29.4","","0.0","","","","","","0.0","","12","","14","","31",""
"-102.46","51.26","YORKTON","4019073","2020-03-22","2020","03","22","","1.5","","-10.5","","-4.5","","22.5","","0.0","","","","","","0.0","","12","","23","","31",""
"-102.46","51.26","YORKTON","4019073","2020-03-23","2020","03","23","","3.5","","-11.0","","-3.8","","21.8","","0.0","","","","","","0.0","","12","","15","","40",""
"-102.46","51.26","YORKTON","4019073","2020-03-24","2020","03","24","","2.3","","-8.5","","-3.1","","21.1","","0.0","","","","","","1.6","","10","","1","","48",""
"-102.46","51.26","YORKTON","4019073","2020-03-25","2020","03","25","","-1.2","","-13.6","","-7.4","","25.4","","0.0","","","","","","0.5","","10","","","","",""
"-102.46","51.26","YORKTON","4019073","2020-03-26","2020","03","26","","1.6","","-7.4","","-2.9","","20.9","","0.0","","","","","","0.1","","11","","","","",""
"-102.46","51.26","YORKTON","4019073","2020-03-27","2020","03","27","","1.7","","-5.2","","-1.7","","19.7","","0.0","","","","","","0.0","","11","","31","","43",""
"-102.46","51.26","YORKTON","4019073","2020-03-28","2020","03","28","","8.5","","-4.4","","2.1","","15.9","","0.0","","","","","","0.0","","11","","","","",""
"-102.46","51.26","YORKTON","4019073","2020-03-29","2020","03","29","","3.0","","-8.5","","-2.7","","20.7","","0.0","","","","","","0.0","","6","","16","","44",""
"-102.46","51.26","YORKTON","4019073","2020-03-30","2020","03","30","","10.6","","-1.6","","4.5","","13.5","","0.0","","","","","","0.0","","4","","16","","43",""
"-102.46","51.26","YORKTON","4019073","2020-03-31","2020","03","31","","7.9","","-10.2","","-1.1","","19.1","","0.0","","","","","","2.3","","","","30","","52",""
"-102.46","51.26","YORKTON","4019073","2020-04-01","2020","04","01","","-10.1","","-14.5","","-12.3","","30.3","","0.0","","","","","","3.3","","","","34","","44",""
"-102.46","51.26","YORKTON","4019073","2020-04-02","2020","04","02","","-10.5","","-18.0","","-14.3","","32.3","","0.0","","","","","","0.0","","1","","33","","40",""
"-102.46","51.26","YORKTON","4019073","2020-04-03","2020","04","03","","-9.9","","-20.7","","-15.3","","33.3","","0.0","","","","","","0.0","","0","","30","","34",""
"-102.46","51.26","YORKTON","4019073","2020-04-04","2020","04","04","","-2.6","","-22.3","","-12.5","","30.5","","0.0","","","","","","0.2","","","","10","","38",""
"-102.46","51.26","YORKTON","4019073","2020-04-05","2020","04","05","","-0.2","","-5.4","","-2.8","","20.8","","0.0","","","","","","0.0","","","","","","",""
"-102.46","51.26","YORKTON","4019073","2020-04-06","2020","04","06","","3.4","","-3.5","","0.0","","18.0","","0.0","","","","","","0.7","","","","26","","46",""
"-102.46","51.26","YORKTON","4019073","2020-04-07","2020","04","07","","7.0","","-6.6","","0.2","","17.8","","0.0","","","","","","0.0","","","","30","","39",""
"-102.46","51.26","YORKTON","4019073","2020-04-08","2020","04","08","","0.5","","-8.5","","-4.0","","22.0","","0.0","","","","","","0.2","","","","30","","65",""
"-102.46","51.26","YORKTON","4019073","2020-04-09","2020","04","09","","2.3","","-9.8","","-3.7","","21.7","","0.0","","","","","","0.0","","","","32","","47",""
"-102.46","51.26","YORKTON","4019073","2020-04-10","2020","04","10","","9.0","","-2.8","","3.1","","14.9","","0.0","","","","","","0.0","","","","33","","46",""
"-102.46","51.26","YORKTON","4019073","2020-04-11","2020","04","11","","-1.2","","-7.1","","-4.2","","22.2","","0.0","","","","","","0.0","","","","34","","48",""
"-102.46","51.26","YORKTON","4019073","2020-04-12","2020","04","12","","-4.4","","-10.6","","-7.5","","25.5","","0.0","","","","","","0.0","","","","33","","46",""
"-102.46","51.26","YORKTON","4019073","2020-04-13","2020","04","13","","-7.3","","-12.7","","-10.0","","28.0","","0.0","","","","","","0.0","","","","34","","42",""
"-102.46","51.26","YORKTON","4019073","2020-04-14","2020","04","14","","-1.4","","-12.6","","-7.0","","25.0","","0.0","","","","","","0.0","","","","","","",""
"-102.46","51.26","YORKTON","4019073","2020-04-15","2020","04","15","","2.0","","-11.9","","-5.0","","23.0","","0.0","","","","","","0.0","","","","32","","39",""
"-102.46","51.26","YORKTON","4019073","2020-04-16","2020","04","16","","2.0","","-6.5","","-2.3","","20.3","","0.0","","","","","","0.0","","","","33","","37",""
"-102.46","51.26","YORKTON","4019073","2020-04-17","2020","04","17","","13.8","","-4.6","","4.6","","13.4","","0.0","","","","","","0.0","","","","24","","45",""
"-102.46","51.26","YORKTON","4019073","2020-04-18","2020","04","18","","3.8","","-4.5","","-0.4","","18.4","","0.0","","","","","","0.0","","","","34","","56",""
"-102.46","51.26","YORKTON","4019073","2020-04-19","2020","04","19","","12.9","","-4.6","","4.2","","13.8","","0.0","","","","","","0.0","","","","29","","75",""
"-102.46","51.26","YORKTON","4019073","2020-04-20","2020","04","20","","5.0","","-2.8","","1.1","","16.9","","0.0","","","","","","0.1","","","","35","","51",""
"-102.46","51.26","YORKTON","4019073","2020-04-21","2020","04","21","","15.6","","-3.3","","6.1","","11.9","","0.0","","","","","","1.3","","","","14","","43",""
"-102.46","51.26","YORKTON","4019073","2020-04-22","2020","04","22","","15.2","","-5.2","","5.0","","13.0","","0.0","","","","","","0.0","","0","","","","",""
"-102.46","51.26","YORKTON","4019073","2020-04-23","2020","04","23","","17.6","","-0.4","","8.6","","9.4","","0.0","","","","","","0.0","","0","","35","","39",""
"-102.46","51.26","YORKTON","4019073","2020-04-24","2020","04","24","","15.8","","-0.1","","7.9","","10.1","","0.0","","","","","","2.4","","","","35","","36",""
"-102.46","51.26","YORKTON","4019073","2020-04-25","2020","04","25","","14.3","","0.1","","7.2","","10.8","","0.0","","","","","","0.0","","","","16","","36",""
"-102.46","51.26","YORKTON","4019073","2020-04-26","2020","04","26","","17.8","","3.2","","10.5","","7.5","","0.0","","","","","","0.7","","","","26","","81",""
"-102.46","51.26","YORKTON","4019073","2020-04-27","2020","04","27","","15.3","","0.5","","7.9","","10.1","","0.0","","","","","","0.0","","","","10","","35",""
"-102.46","51.26","YORKTON","4019073","2020-04-28","2020","04","28","","8.1","","1.1","","4.6","","13.4","","0.0","","","","","","1.4","","","","1","","33",""
"-102.46","51.26","YORKTON","4019073","2020-04-29","2020","04","29","","21.1","","1.5","","11.3","","6.7","","0.0","","","","","","0.0","","","","21","","41",""
"-102.46","51.26","YORKTON","4019073","2020-04-30","2020","04","30","","22.3","","5.4","","13.9","","4.1","","0.0","","","","","","0.0","","","","","","",""
"-102.46","51.26","YORKTON","4019073","2020-05-01","2020","05","01","","13.3","","3.9","","8.6","","9.4","","0.0","","","","","","2.4","","","","31","","51",""
"-102.46","51.26","YORKTON","4019073","2020-05-02","2020","05","02","","13.0","","-1.1","","6.0","","12.0","","0.0","","","","","","0.0","","","","32","","51",""
"-102.46","51.26","YORKTON","4019073","2020-05-03","2020","05","03","","12.6","","-1.9","","5.3","","12.7","","0.0","","","","","","0.0","","","","13","","40",""
"-102.46","51.26","YORKTON","4019073","2020-05-04","2020","05","04","","13.0","","-0.9","","6.0","","12.0","","0.0","","","","","","0.0","","","","17","","32",""
"-102.46","51.26","YORKTON","4019073","2020-05-05","2020","05","05","","17.7","","1.3","","9.5","","8.5","","0.0","","","","","","0.0","","","","1","","35",""
"-102.46","51.26","YORKTON","4019073","2020-05-06","2020","05","06","","17.5","","0.7","","9.1","","8.9","","0.0","","","","","","0.4","","","","3","","37",""
"-102.46","51.26","YORKTON","4019073","2020-05-07","2020","05","07","","12.1","","-4.3","","3.9","","14.1","","0.0","","","","","","0.0","","","","3","","33",""
"-102.46","51.26","YORKTON","4019073","2020-05-08","2020","05","08","","9.9","","-0.1","","4.9","","13.1","","0.0","","","","","","6.2","","","","11","","45",""
"-102.46","51.26","YORKTON","4019073","2020-05-09","2020","05","09","","7.1","","-3.8","","1.6","","16.4","","0.0","","","","","","2.0","","","","4","","36",""
"-102.46","51.26","YORKTON","4019073","2020-05-10","2020","05","10","","7.9","","-6.1","","0.9","","17.1","","0.0","","","","","","0.0","","","","2","","38",""
"-102.46","51.26","YORKTON","4019073","2020-05-11","2020","05","11","","8.1","","-6.6","","0.8","","17.2","","0.0","","","","","","0.0","","","","4","","34",""
"-102.46","51.26","YORKTON","4019073","2020-05-12","2020","05","12","","12.5","","-4.4","","4.0","","14.0","","0.0","","","","","","0.0","","","","17","","44",""
"-102.46","51.26","YORKTON","4019073","2020-05-13","2020","05","13","","6.9","","-1.2","","2.8","","15.2","","0.0","","","","","","0.5","","","","13","","31",""
"-102.46","51.26","YORKTON","4019073","2020-05-14","2020","05","14","","17.7","","-2.8","","7.5","","10.5","","0.0","","","","","","0.0","","","","31","","39",""
"-102.46","51.26","YORKTON","4019073","2020-05-15","2020","05","15","","13.4","","0.3","","6.9","","11.1","","0.0","","","","","","0.0","","","","3","","37",""
"-102.46","51.26","YORKTON","4019073","2020-05-16","2020","05","16","","21.3","","-1.1","","10.1","","7.9","","0.0","","","","","","0.0","","","","28","","44",""
"-102.46","51.26","YORKTON","4019073","2020-05-17","2020","05","17","","24.1","","6.5","","15.3","","2.7","","0.0","","","","","","0.0","","","","19","","54",""
"-102.46","51.26","YORKTON","4019073","2020-05-18","2020","05","18","","23.8","","12.5","","18.2","","0.0","","0.2","","","","","","0.0","","","","16","","58",""
"-102.46","51.26","YORKTON","4019073","2020-05-19","2020","05","19","","26.8","","13.5","","20.1","","0.0","","2.1","","","","","","0.0","","","","17","","43",""
"-102.46","51.26","YORKTON","4019073","2020-05-20","2020","05","20","","27.4","","13.2","","20.3","","0.0","","2.3","","","","","","0.0","","","","8","","53",""
"-102.46","51.26","YORKTON","4019073","2020-05-21","2020","05","21","","26.2","","13.0","","19.6","","0.0","","1.6","","","","","","0.4","","","","22","","54",""
"-102.46","51.26","YORKTON","4019073","2020-05-22","2020","05","22","","26.4","","7.3","","16.8","","1.2","","0.0","","","","","","0.0","","","","25","","58",""
"-102.46","51.26","YORKTON","4019073","2020-05-23","2020","05","23","","21.9","","8.0","","15.0","","3.0","","0.0","","","","","","0.0","","","","27","","38",""
"-102.46","51.26","YORKTON","4019073","2020-05-24","2020","05","24","","17.9","","7.0","","12.4","","5.6","","0.0","","","","","","0.0","","","","","","",""
"-102.46","51.26","YORKTON","4019073","2020-05-25","2020","05","25","","23.8","","3.2","","13.5","","4.5","","0.0","","","","","","0.0","","","","","","",""
"-102.46","51.26","YORKTON","4019073","2020-05-26","2020","05","26","","24.4","","7.8","","16.1","","1.9","","0.0","","","","","","4.4","","","","23","","45",""
"-102.46","51.26","YORKTON","4019073","2020-05-27","2020","05","27","","20.3","","6.6","","13.4","","4.6","","0.0","","","","","","0.4","","","","28","","72",""
"-102.46","51.26","YORKTON","4019073","2020-05-28","2020","05","28","","14.5","","3.6","","9.1","","8.9","","0.0","","","","","","0.5","","","","32","","51",""
"-102.46","51.26","YORKTON","4019073","2020-05-29","2020","05","29","","16.9","","0.6","","8.7","","9.3","","0.0","","","","","","0.0","","","","36","","39",""
"-102.46","51.26","YORKTON","4019073","2020-05-30","2020","05","30","","22.6","","4.3","","13.4","","4.6","","0.0","","","","","","0.0","","","","28","","36",""
"-102.46","51.26","YORKTON","4019073","2020-05-31","2020","05","31","","25.7","","9.5","","17.6","","0.4","","0.0","","","","","","0.0","","","","14","","67",""
"-102.46","51.26","YORKTON","4019073","2020-06-01","2020","06","01","","26.9","","13.6","","20.2","","0.0","","2.2","","","","","","0.0","","","","31","","70",""
"-102.46","51.26","YORKTON","4019073","2020-06-02","2020","06","02","","23.2","","12.0","","17.6","","0.4","","0.0","","","","","","0.0","","","","30","","54",""
"-102.46","51.26","YORKTON","4019073","2020-06-03","2020","06","03","","25.7","","9.9","","17.8","","0.2","","0.0","","","","","","0.0","","","","27","","66",""
"-102.46","51.26","YORKTON","4019073","2020-06-04","2020","06","04","","17.9","","8.6","","13.3","","4.7","","0.0","","","","","","0.0","","","","26","","54",""
"-102.46","51.26","YORKTON","4019073","2020-06-05","2020","06","05","","18.1","","5.3","","11.7","","6.3","","0.0","","","","","","0.0","","","","","","",""
"-102.46","51.26","YORKTON","4019073","2020-06-06","2020","06","06","","17.5","","6.1","","11.8","","6.2","","0.0","","","","","","0.8","","","","11","","58",""
"-102.46","51.26","YORKTON","4019073","2020-06-07","2020","06","07","","25.2","","9.4","","17.3","","0.7","","0.0","","","","","","10.1","","","","12","","64",""
"-102.46","51.26","YORKTON","4019073","2020-06-08","2020","06","08","","18.3","","8.0","","13.2","","4.8","","0.0","","","","","","4.5","","","","","","",""
"-102.46","51.26","YORKTON","4019073","2020-06-09","2020","06","09","","20.7","","6.0","","13.3","","4.7","","0.0","","","","","","0.0","","","","32","","44",""
"-102.46","51.26","YORKTON","4019073","2020-06-10","2020","06","10","","21.6","","6.1","","13.9","","4.1","","0.0","","","","","","0.0","","","","30","","48",""
"-102.46","51.26","YORKTON","4019073","2020-06-11","2020","06","11","","19.5","","5.8","","12.6","","5.4","","0.0","","","","","","0.0","","","","34","","41",""
"-102.46","51.26","YORKTON","4019073","2020-06-12","2020","06","12","","21.7","","4.8","","13.2","","4.8","","0.0","","","","","","0.0","","","","13","","40",""
"-102.46","51.26","YORKTON","4019073","2020-06-13","2020","06","13","","27.6","","10.9","","19.2","","0.0","","1.2","","","","","","0.0","","","","14","","65",""
"-102.46","51.26","YORKTON","4019073","2020-06-14","2020","06","14","","27.5","","15.3","","21.4","","0.0","","3.4","","","","","","1.0","","","","14","","66",""
"-102.46","51.26","YORKTON","4019073","2020-06-15","2020","06","15","","23.4","","13.3","","18.4","","0.0","","0.4","","","","","","2.1","","","","24","","55",""
"-102.46","51.26","YORKTON","4019073","2020-06-16","2020","06","16","","28.5","","10.4","","19.5","","0.0","","1.5","","","","","","0.0","","","","11","","45",""
"-102.46","51.26","YORKTON","4019073","2020-06-17","2020","06","17","","23.6","","7.2","","15.4","","2.6","","0.0","","","","","","0.3","","","","33","","40",""
"-102.46","51.26","YORKTON","4019073","2020-06-18","2020","06","18","","9.8","","5.7","","7.7","","10.3","","0.0","","","","","","2.3","","","","35","","40",""
"-102.46","51.26","YORKTON","4019073","2020-06-19","2020","06","19","","15.2","","5.7","","10.4","","7.6","","0.0","","","","","","0.0","","","","29","","45",""
"-102.46","51.26","YORKTON","4019073","2020-06-20","2020","06","20","","13.6","","7.5","","10.6","","7.4","","0.0","","","","","","0.4","","","","","","",""
"-102.46","51.26","YORKTON","4019073","2020-06-21","2020","06","21","","19.0","","6.1","","12.5","","5.5","","0.0","","","","","","0.0","","","","35","","39",""
"-102.46","51.26","YORKTON","4019073","2020-06-22","2020","06","22","","","M","","M","","M","","M","","M","","","","","","M","","","","M","","M"
"-102.46","51.26","YORKTON","4019073","2020-06-23","2020","06","23","","26.1","","11.3","","18.7","","0.0","","0.7","","","","","","0.0","","","","","","",""
"-102.46","51.26","YORKTON","4019073","2020-06-24","2020","06","24","","30.0","","12.7","","21.3","","0.0","","3.3","","","","","","0.0","","","","24","","51",""
"-102.46","51.26","YORKTON","4019073","2020-06-25","2020","06","25","","24.7","","14.7","","19.7","","0.0","","1.7","","","","","","0.8","","","","33","","39",""
"-102.46","51.26","YORKTON","4019073","2020-06-26","2020","06","26","","30.1","","13.2","","21.6","","0.0","","3.6","","","","","","0.0","","","","28","","33",""
"-102.46","51.26","YORKTON","4019073","2020-06-27","2020","06","27","","32.5","","14.2","","23.4","","0.0","","5.4","","","","","","0.0","","","","29","","47",""
"-102.46","51.26","YORKTON","4019073","2020-06-28","2020","06","28","","21.2","","13.3","","17.3","","0.7","","0.0","","","","","","7.6","","","","","","",""
"-102.46","51.26","YORKTON","4019073","2020-06-29","2020","06","29","","20.4","","15.5","","18.0","","0.0","","0.0","","","","","","1.7","","","","","","",""
"-102.46","51.26","YORKTON","4019073","2020-06-30","2020","06","30","","24.5","","15.4","","20.0","","0.0","","2.0","","","","","","0.1","","","","27","","43",""
"-102.46","51.26","YORKTON","4019073","2020-07-01","2020","07","01","","25.7","","15.6","","20.6","","0.0","","2.6","","","","","","0.0","","","","26","","49",""
"-102.46","51.26","YORKTON","4019073","2020-07-02","2020","07","02","","26.3","","14.9","","20.6","","0.0","","2.6","","","","","","0.0","","","","13","","47",""
"-102.46","51.26","YORKTON","4019073","2020-07-03","2020","07","03","","30.1","","13.1","","21.6","","0.0","","3.6","","","","","","0.0","","","","","","",""
"-102.46","51.26","YORKTON","4019073","2020-07-04","2020","07","04","","29.5","","14.9","","22.2","","0.0","","4.2","","","","","","0.4","","","","18","","41",""
"-102.46","51.26","YORKTON","4019073","2020-07-05","2020","07","05","","26.9","","15.8","","21.4","","0.0","","3.4","","","","","","0.4","","","","28","","56",""
"-102.46","51.26","YORKTON","4019073","2020-07-06","2020","07","06","","27.0","","11.8","","19.4","","0.0","","1.4","","","","","","0.0","","","","27","","42",""
"-102.46","51.26","YORKTON","4019073","2020-07-07","2020","07","07","","29.9","","10.2","","20.1","","0.0","","2.1","","","","","","0.0","","","","16","","42",""
"-102.46","51.26","YORKTON","4019073","2020-07-08","2020","07","08","","25.6","","14.1","","19.8","","0.0","","1.8","","","","","","4.9","","","","23","","57",""
"-102.46","51.26","YORKTON","4019073","2020-07-09","2020","07","09","","23.1","","12.1","","17.6","","0.4","","0.0","","","","","","2.3","","","","33","","45",""
"-102.46","51.26","YORKTON","4019073","2020-07-10","2020","07","10","","25.3","","10.7","","18.0","","0.0","","0.0","","","","","","0.0","","","","25","","39",""
"-102.46","51.26","YORKTON","4019073","2020-07-11","2020","07","11","","25.1","","15.2","","20.2","","0.0","","2.2","","","","","","0.0","","","","","","",""
"-102.46","51.26","YORKTON","4019073","2020-07-12","2020","07","12","","27.8","","11.9","","19.9","","0.0","","1.9","","","","","","3.0","","","","15","","42",""
"-102.46","51.26","YORKTON","4019073","2020-07-13","2020","07","13","","24.5","","11.2","","17.9","","0.1","","0.0","","","","","","16.9","","","","24","","77",""
"-102.46","51.26","YORKTON","4019073","2020-07-14","2020","07","14","","22.6","","10.6","","16.6","","1.4","","0.0","","","","","","1.0","","","","26","","85",""
"-102.46","51.26","YORKTON","4019073","2020-07-15","2020","07","15","","25.0","","12.3","","18.6","","0.0","","0.6","","","","","","0.0","","","","27","","59",""
"-102.46","51.26","YORKTON","4019073","2020-07-16","2020","07","16","","25.7","","12.4","","19.0","","0.0","","1.0","","","","","","0.0","","","","29","","46",""
"-102.46","51.26","YORKTON","4019073","2020-07-17","2020","07","17","","28.2","","14.3","","21.2","","0.0","","3.2","","","","","","0.0","","","","30","","45",""
"-102.46","51.26","YORKTON","4019073","2020-07-18","2020","07","18","","25.3","","12.1","","18.7","","0.0","","0.7","","","","","","0.8","","","","29","","48",""
"-102.46","51.26","YORKTON","4019073","2020-07-19","2020","07","19","","22.1","","9.6","","15.9","","2.1","","0.0","","","","","","8.6","","","","","","",""
"-102.46","51.26","YORKTON","4019073","2020-07-20","2020","07","20","","23.5","","9.6","","16.6","","1.4","","0.0","","","","","","29.1","","","","16","","47",""
"-102.46","51.26","YORKTON","4019073","2020-07-21","2020","07","21","","23.4","","8.5","","15.9","","2.1","","0.0","","","","","","0.0","","","","","","",""
"-102.46","51.26","YORKTON","4019073","2020-07-22","2020","07","22","","27.4","","14.3","","20.8","","0.0","","2.8","","","","","","0.0","","","","15","","40",""
"-102.46","51.26","YORKTON","4019073","2020-07-23","2020","07","23","","27.1","","16.3","","21.7","","0.0","","3.7","","","","","","0.2","","","","14","","39",""
"-102.46","51.26","YORKTON","4019073","2020-07-24","2020","07","24","","31.2","","18.0","","24.6","","0.0","","6.6","","","","","","0.0","","","","21","","37",""
"-102.46","51.26","YORKTON","4019073","2020-07-25","2020","07","25","","27.0","","12.6","","19.8","","0.0","","1.8","","","","","","0.0","","","","29","","53",""
"-102.46","51.26","YORKTON","4019073","2020-07-26","2020","07","26","","24.7","","11.8","","18.3","","0.0","","0.3","","","","","","0.3","","","","31","","63",""
"-102.46","51.26","YORKTON","4019073","2020-07-27","2020","07","27","","26.7","","10.9","","18.8","","0.0","","0.8","","","","","","0.0","","","","31","","44",""
"-102.46","51.26","YORKTON","4019073","2020-07-28","2020","07","28","","29.1","","10.8","","20.0","","0.0","","2.0","","","","","","0.0","","","","","","",""
"-102.46","51.26","YORKTON","4019073","2020-07-29","2020","07","29","","29.0","","13.0","","21.0","","0.0","","3.0","","","","","","0.0","","","","16","","33",""
"-102.46","51.26","YORKTON","4019073","2020-07-30","2020","07","30","","31.9","","16.1","","24.0","","0.0","","6.0","","","","","","10.1","","","","36","","63",""
"-102.46","51.26","YORKTON","4019073","2020-07-31","2020","07","31","","25.1","","13.4","","19.3","","0.0","","1.3","","","","","","0.0","","","","1","","41",""
"-102.46","51.26","YORKTON","4019073","2020-08-01","2020","08","01","","25.1","","11.4","","18.2","","0.0","","0.2","","","","","","0.0","","","","3","","32",""
"-102.46","51.26","YORKTON","4019073","2020-08-02","2020","08","02","","25.0","","9.6","","17.3","","0.7","","0.0","","","","","","0.0","","","","","","",""
"-102.46","51.26","YORKTON","4019073","2020-08-03","2020","08","03","","25.2","","11.1","","18.2","","0.0","","0.2","","","","","","0.0","","","","14","","42",""
"-102.46","51.26","YORKTON","4019073","2020-08-04","2020","08","04","","19.7","","13.2","","16.4","","1.6","","0.0","","","","","","0.8","","","","17","","36",""
"-102.46","51.26","YORKTON","4019073","2020-08-05","2020","08","05","","27.2","","12.7","","19.9","","0.0","","1.9","","","","","","0.0","","","","","","",""
"-102.46","51.26","YORKTON","4019073","2020-08-06","2020","08","06","","30.0","","9.0","","19.5","","0.0","","1.5","","","","","","0.0","","","","","","",""
"-102.46","51.26","YORKTON","4019073","2020-08-07","2020","08","07","","28.2","","15.7","","22.0","","0.0","","4.0","","","","","","0.0","","","","28","","51",""
"-102.46","51.26","YORKTON","4019073","2020-08-08","2020","08","08","","25.9","","11.1","","18.5","","0.0","","0.5","","","","","","0.0","","","","29","","62",""
"-102.46","51.26","YORKTON","4019073","2020-08-09","2020","08","09","","21.3","","13.5","","17.4","","0.6","","0.0","","","","","","0.0","","","","26","","62",""
"-102.46","51.26","YORKTON","4019073","2020-08-10","2020","08","10","","26.3","","11.7","","19.0","","0.0","","1.0","","","","","","0.0","","","","26","","61",""
"-102.46","51.26","YORKTON","4019073","2020-08-11","2020","08","11","","22.4","","8.9","","15.6","","2.4","","0.0","","","","","","0.0","","","","29","","33",""
"-102.46","51.26","YORKTON","4019073","2020-08-12","2020","08","12","","28.8","","10.5","","19.6","","0.0","","1.6","","","","","","4.2","","","","17","","65",""
"-102.46","51.26","YORKTON","4019073","2020-08-13","2020","08","13","","21.3","","12.4","","16.8","","1.2","","0.0","","","","","","29.5","","","","28","","39",""
"-102.46","51.26","YORKTON","4019073","2020-08-14","2020","08","14","","22.7","","7.7","","15.2","","2.8","","0.0","","","","","","0.0","","","","","","",""
"-102.46","51.26","YORKTON","4019073","2020-08-15","2020","08","15","","23.1","","10.0","","16.6","","1.4","","0.0","","","","","","0.0","","","","29","","44",""
"-102.46","51.26","YORKTON","4019073","2020-08-16","2020","08","16","","24.1","","9.8","","16.9","","1.1","","0.0","","","","","","0.0","","","","","","",""
"-102.46","51.26","YORKTON","4019073","2020-08-17","2020","08","17","","30.9","","9.5","","20.2","","0.0","","2.2","","","","","","0.0","","","","","","",""
"-102.46","51.26","YORKTON","4019073","2020-08-18","2020","08","18","","33.4","","15.4","","24.4","","0.0","","6.4","","","","","","0.0","","","","","","",""
"-102.46","51.26","YORKTON","4019073","2020-08-19","2020","08","19","","32.9","","12.7","","22.8","","0.0","","4.8","","","","","","0.0","","","","8","","38",""
"-102.46","51.26","YORKTON","4019073","2020-08-20","2020","08","20","","30.2","","11.5","","20.9","","0.0","","2.9","","","","","","0.0","","","","","","",""
"-102.46","51.26","YORKTON","4019073","2020-08-21","2020","08","21","","23.2","","15.2","","19.2","","0.0","","1.2","","","","","","5.4","","","","","","",""
"-102.46","51.26","YORKTON","4019073","2020-08-22","2020","08","22","","23.4","","11.8","","17.6","","0.4","","0.0","","","","","","0.0","","","","13","","36",""
"-102.46","51.26","YORKTON","4019073","2020-08-23","2020","08","23","","25.7","","11.5","","18.6","","0.0","","0.6","","","","","","0.0","","","","32","","37",""
"-102.46","51.26","YORKTON","4019073","2020-08-24","2020","08","24","","29.1","","8.1","","18.6","","0.0","","0.6","","","","","","0.0","","","","3","","33",""
"-102.46","51.26","YORKTON","4019073","2020-08-25","2020","08","25","","31.2","","12.4","","21.8","","0.0","","3.8","","","","","","0.5","","","","31","","46",""
"-102.46","51.26","YORKTON","4019073","2020-08-26","2020","08","26","","23.0","","8.6","","15.8","","2.2","","0.0","","","","","","0.0","","","","","","",""
"-102.46","51.26","YORKTON","4019073","2020-08-27","2020","08","27","","25.9","","6.9","","16.4","","1.6","","0.0","","","","","","7.1","","","","32","","47",""
"-102.46","51.26","YORKTON","4019073","2020-08-28","2020","08","28","","20.7","","9.6","","15.2","","2.8","","0.0","","","","","","0.0","","","","30","","47",""
"-102.46","51.26","YORKTON","4019073","2020-08-29","2020","08","29","","26.0","","5.3","","15.6","","2.4","","0.0","","","","","","0.0","","","","15","","44",""
"-102.46","51.26","YORKTON","4019073","2020-08-30","2020","08","30","","20.4","","9.6","","15.0","","3.0","","0.0","","","","","","1.0","","","","30","","52",""
"-102.46","51.26","YORKTON","4019073","2020-08-31","2020","08","31","","16.6","","6.8","","11.7","","6.3","","0.0","","","","","","0.0","","","","28","","53",""
"-102.46","51.26","YORKTON","4019073","2020-09-01","2020","09","01","","19.6","","5.9","","12.7","","5.3","","0.0","","","","","","0.0","","","","31","","78",""
"-102.46","51.26","YORKTON","4019073","2020-09-02","2020","09","02","","12.4","","7.0","","9.7","","8.3","","0.0","","","","","","6.7","","","","29","","44",""
"-102.46","51.26","YORKTON","4019073","2020-09-03","2020","09","03","","17.8","","5.2","","11.5","","6.5","","0.0","","","","","","0.0","","","","30","","59",""
"-102.46","51.26","YORKTON","4019073","2020-09-04","2020","09","04","","20.2","","5.8","","13.0","","5.0","","0.0","","","","","","0.0","","","","28","","45",""
"-102.46","51.26","YORKTON","4019073","2020-09-05","2020","09","05","","25.0","","6.4","","15.7","","2.3","","0.0","","","","","","0.0","","","","2","","51",""
"-102.46","51.26","YORKTON","4019073","2020-09-06","2020","09","06","","16.0","","3.6","","9.8","","8.2","","0.0","","","","","","1.2","","","","31","","65",""
"-102.46","51.26","YORKTON","4019073","2020-09-07","2020","09","07","","6.7","","0.0","","3.4","","14.6","","0.0","","","","","","0.0","","","","35","","49",""
"-102.46","51.26","YORKTON","4019073","2020-09-08","2020","09","08","","10.9","","-2.6","","4.1","","13.9","","0.0","","","","","","0.0","","","","","","",""
"-102.46","51.26","YORKTON","4019073","2020-09-09","2020","09","09","","19.9","","5.7","","12.8","","5.2","","0.0","","","","","","0.0","","","","21","","35",""
"-102.46","51.26","YORKTON","4019073","2020-09-10","2020","09","10","","22.6","","3.3","","12.9","","5.1","","0.0","","","","","","0.0","","","","","","",""
"-102.46","51.26","YORKTON","4019073","2020-09-11","2020","09","11","","25.2","","8.4","","16.8","","1.2","","0.0","","","","","","0.0","","","","21","","38",""
"-102.46","51.26","YORKTON","4019073","2020-09-12","2020","09","12","","16.1","","6.5","","11.3","","6.7","","0.0","","","","","","0.6","","","","30","","35",""
"-102.46","51.26","YORKTON","4019073","2020-09-13","2020","09","13","","13.1","","-0.1","","6.5","","11.5","","0.0","","","","","","0.0","","","","","","",""
"-102.46","51.26","YORKTON","4019073","2020-09-14","2020","09","14","","14.1","","2.6","","8.3","","9.7","","0.0","","","","","","0.0","","","","14","","40",""
"-102.46","51.26","YORKTON","4019073","2020-09-15","2020","09","15","","15.3","","3.8","","9.5","","8.5","","0.0","","","","","","0.0","","","","31","","43",""
"-102.46","51.26","YORKTON","4019073","2020-09-16","2020","09","16","","11.5","","0.0","","5.8","","12.2","","0.0","","","","","","0.0","","","","31","","31",""
"-102.46","51.26","YORKTON","4019073","2020-09-17","2020","09","17","","5.3","","-2.6","","1.3","","16.7","","0.0","","","","","","5.7","","","","","","",""
"-102.46","51.26","YORKTON","4019073","2020-09-18","2020","09","18","","17.7","","2.2","","9.9","","8.1","","0.0","","","","","","0.0","","","","","","",""
"-102.46","51.26","YORKTON","4019073","2020-09-19","2020","09","19","","24.9","","4.5","","14.7","","3.3","","0.0","","","","","","0.0","","","","16","","39",""
"-102.46","51.26","YORKTON","4019073","2020-09-20","2020","09","20","","22.7","","11.4","","17.1","","0.9","","0.0","","","","","","1.2","","","","19","","39",""
"-102.46","51.26","YORKTON","4019073","2020-09-21","2020","09","21","","21.9","","8.7","","15.3","","2.7","","0.0","","","","","","1.8","","","","29","","56",""
"-102.46","51.26","YORKTON","4019073","2020-09-22","2020","09","22","","24.8","","8.0","","16.4","","1.6","","0.0","","","","","","0.0","","","","","","",""
"-102.46","51.26","YORKTON","4019073","2020-09-23","2020","09","23","","15.5","","6.9","","11.2","","6.8","","0.0","","","","","","0.9","","","","","","",""
"-102.46","51.26","YORKTON","4019073","2020-09-24","2020","09","24","","23.0","","6.0","","14.5","","3.5","","0.0","","","","","","0.0","","","","16","","50",""
"-102.46","51.26","YORKTON","4019073","2020-09-25","2020","09","25","","22.8","","7.2","","15.0","","3.0","","0.0","","","","","","0.0","","","","28","","39",""
"-102.46","51.26","YORKTON","4019073","2020-09-26","2020","09","26","","16.3","","9.5","","12.9","","5.1","","0.0","","","","","","7.3","","","","26","","34",""
"-102.46","51.26","YORKTON","4019073","2020-09-27","2020","09","27","","12.6","","8.0","","10.3","","7.7","","0.0","","","","","","0.0","","","","32","","52",""
"-102.46","51.26","YORKTON","4019073","2020-09-28","2020","09","28","","15.0","","4.2","","9.6","","8.4","","0.0","","","","","","0.1","","","","24","","33",""
"-102.46","51.26","YORKTON","4019073","2020-09-29","2020","09","29","","18.7","","6.5","","12.6","","5.4","","0.0","","","","","","0.0","","","","35","","48",""
"-102.46","51.26","YORKTON","4019073","2020-09-30","2020","09","30","","9.8","","3.5","","6.6","","11.4","","0.0","","","","","","1.9","","","","34","","61",""
"-102.46","51.26","YORKTON","4019073","2020-10-01","2020","10","01","","7.8","","-1.0","","3.4","","14.6","","0.0","","","","","","0.0","","","","","","",""
"-102.46","51.26","YORKTON","4019073","2020-10-02","2020","10","02","","10.4","","1.8","","6.1","","11.9","","0.0","","","","","","0.0","","","","","","",""
"-102.46","51.26","YORKTON","4019073","2020-10-03","2020","10","03","","10.2","","-3.3","","3.5","","14.5","","0.0","","","","","","0.0","","","","","","",""
"-102.46","51.26","YORKTON","4019073","2020-10-04","2020","10","04","","19.3","","2.8","","11.0","","7.0","","0.0","","","","","","0.0","","","","20","","42",""
"-102.46","51.26","YORKTON","4019073","2020-10-05","2020","10","05","","16.8","","9.8","","13.3","","4.7","","0.0","","","","","","0.1","","","","31","","56",""
"-102.46","51.26","YORKTON","4019073","2020-10-06","2020","10","06","","16.7","","4.2","","10.4","","7.6","","0.0","","","","","","0.8","","","","32","","50",""
"-102.46","51.26","YORKTON","4019073","2020-10-07","2020","10","07","","13.0","","1.4","","7.2","","10.8","","0.0","","","","","","0.0","","","","31","","42",""
"-102.46","51.26","YORKTON","4019073","2020-10-08","2020","10","08","","19.0","","0.4","","9.7","","8.3","","0.0","","","","","","0.0","","","","17","","54",""
"-102.46","51.26","YORKTON","4019073","2020-10-09","2020","10","09","","10.7","","-0.1","","5.3","","12.7","","0.0","","","","","","0.0","","","","32","","46",""
"-102.46","51.26","YORKTON","4019073","2020-10-10","2020","10","10","","16.9","","-1.6","","7.6","","10.4","","0.0","","","","","","0.0","","","","15","","57",""
"-102.46","51.26","YORKTON","4019073","2020-10-11","2020","10","11","","13.4","","4.2","","8.8","","9.2","","0.0","","","","","","0.0","","","","28","","53",""
"-102.46","51.26","YORKTON","4019073","2020-10-12","2020","10","12","","11.9","","-0.7","","5.6","","12.4","","0.0","","","","","","0.0","","","","29","","53",""
"-102.46","51.26","YORKTON","4019073","2020-10-13","2020","10","13","","10.7","","0.3","","5.5","","12.5","","0.0","","","","","","0.0","","","","28","","60",""
"-102.46","51.26","YORKTON","4019073","2020-10-14","2020","10","14","","5.1","","-6.6","","-0.7","","18.7","","0.0","","","","","","0.0","","","","30","","52",""
"-102.46","51.26","YORKTON","4019073","2020-10-15","2020","10","15","","2.6","","-7.8","","-2.6","","20.6","","0.0","","","","","","0.0","","","","32","","63",""
"-102.46","51.26","YORKTON","4019073","2020-10-16","2020","10","16","","2.3","","-10.0","","-3.8","","21.8","","0.0","","","","","","0.0","","","","31","","44",""
"-102.46","51.26","YORKTON","4019073","2020-10-17","2020","10","17","","-2.6","","-12.0","","-7.3","","25.3","","0.0","","","","","","0.0","","","","31","","43",""
"-102.46","51.26","YORKTON","4019073","2020-10-18","2020","10","18","","-3.1","","-6.5","","-4.8","","22.8","","0.0","","","","","","0.0","","","","30","","40",""
"-102.46","51.26","YORKTON","4019073","2020-10-19","2020","10","19","","0.3","","-7.4","","-3.6","","21.6","","0.0","","","","","","0.0","","","","","","",""
"-102.46","51.26","YORKTON","4019073","2020-10-20","2020","10","20","","-2.3","","-10.4","","-6.3","","24.3","","0.0","","","","","","2.2","","","","","","",""
"-102.46","51.26","YORKTON","4019073","2020-10-21","2020","10","21","","-0.3","","-10.8","","-5.6","","23.6","","0.0","","","","","","0.0","","","","","","",""
"-102.46","51.26","YORKTON","4019073","2020-10-22","2020","10","22","","-1.7","","-13.8","","-7.8","","25.8","","0.0","","","","","","0.0","","","","29","","35",""
"-102.46","51.26","YORKTON","4019073","2020-10-23","2020","10","23","","-3.8","","-12.7","","-8.2","","26.2","","0.0","","","","","","0.0","","","","34","","33",""
"-102.46","51.26","YORKTON","4019073","2020-10-24","2020","10","24","","-4.5","","-7.6","","-6.1","","24.1","","0.0","","","","","","0.4","","","","","","",""
"-102.46","51.26","YORKTON","4019073","2020-10-25","2020","10","25","","-2.8","","-10.3","","-6.5","","24.5","","0.0","","","","","","0.1","","","","30","","39",""
"-102.46","51.26","YORKTON","4019073","2020-10-26","2020","10","26","","-3.0","","-13.5","","-8.3","","26.3","","0.0","","","","","","0.0","","","","24","","33",""
"-102.46","51.26","YORKTON","4019073","2020-10-27","2020","10","27","","5.7","","-8.3","","-1.3","","19.3","","0.0","","","","","","2.1","","","","29","","45",""
"-102.46","51.26","YORKTON","4019073","2020-10-28","2020","10","28","","3.2","","-3.9","","-0.3","","18.3","","0.0","","","","","","0.5","","","","34","","34",""
"-102.46","51.26","YORKTON","4019073","2020-10-29","2020","10","29","","0.3","","-4.7","","-2.2","","20.2","","0.0","","","","","","0.0","","","","","","",""
"-102.46","51.26","YORKTON","4019073","2020-10-30","2020","10","30","","6.1","","-2.8","","1.7","","16.3","","0.0","","","","","","0.0","","","","15","","62",""
"-102.46","51.26","YORKTON","4019073","2020-10-31","2020","10","31","","7.4","","-8.2","","-0.4","","18.4","","0.0","","","","","","0.0","","","","32","","81",""
"-102.46","51.26","YORKTON","4019073","2020-11-01","2020","11","01","","8.8","","-10.6","","-0.9","","18.9","","0.0","","","","","","0.0","","","","24","","44",""
"-102.46","51.26","YORKTON","4019073","2020-11-02","2020","11","02","","18.4","","0.8","","9.6","","8.4","","0.0","","","","","","0.0","","","","21","","36",""
"-102.46","51.26","YORKTON","4019073","2020-11-03","2020","11","03","","17.5","","-0.4","","8.6","","9.4","","0.0","","","","","","0.0","","","","","","",""
"-102.46","51.26","YORKTON","4019073","2020-11-04","2020","11","04","","14.4","","-2.2","","6.1","","11.9","","0.0","","","","","","0.0","","","","31","","47",""
"-102.46","51.26","YORKTON","4019073","2020-11-05","2020","11","05","","20.5","","-2.2","","9.1","","8.9","","0.0","","","","","","0.0","","","","27","","56",""
"-102.46","51.26","YORKTON","4019073","2020-11-06","2020","11","06","","0.6","","-5.9","","-2.7","","20.7","","0.0","","","","","","0.0","","","","","","",""
"-102.46","51.26","YORKTON","4019073","2020-11-07","2020","11","07","","1.7","","-5.3","","-1.8","","19.8","","0.0","","","","","","0.0","","","","11","","33",""
"-102.46","51.26","YORKTON","4019073","2020-11-08","2020","11","08","","-1.9","","-8.7","","-5.3","","23.3","","0.0","","","","","","6.4","","","","4","","39",""
"-102.46","51.26","YORKTON","4019073","2020-11-09","2020","11","09","","-8.3","","-18.4","","-13.4","","31.4","","0.0","","","","","","0.4","","","","30","","37",""
"-102.46","51.26","YORKTON","4019073","2020-11-10","2020","11","10","","-8.3","","-19.6","","-14.0","","32.0","","0.0","","","","","","0.0","","0","","","","",""
"-102.46","51.26","YORKTON","4019073","2020-11-11","2020","11","11","","-9.2","","-13.5","","-11.4","","29.4","","0.0","","","","","","0.1","","1","","","","",""
"-102.46","51.26","YORKTON","4019073","2020-11-12","2020","11","12","","-13.4","","-20.0","","-16.7","","34.7","","0.0","","","","","","0.2","","2","","","","",""
"-102.46","51.26","YORKTON","4019073","2020-11-13","2020","11","13","","-1.2","","-16.1","","-8.7","","26.7","","0.0","","","","","","0.2","","1","","","","",""
"-102.46","51.26","YORKTON","4019073","2020-11-14","2020","11","14","","0.1","","-8.8","","-4.4","","22.4","","0.0","","","","","","0.1","","2","","31","","53",""
"-102.46","51.26","YORKTON","4019073","2020-11-15","2020","11","15","","-5.2","","-9.1","","-7.2","","25.2","","0.0","","","","","","0.0","","0","","33","","48",""
"-102.46","51.26","YORKTON","4019073","2020-11-16","2020","11","16","","-6.6","","-15.5","","-11.0","","29.0","","0.0","","","","","","0.0","","0","","","","",""
"-102.46","51.26","YORKTON","4019073","2020-11-17","2020","11","17","","-5.5","","-9.1","","-7.3","","25.3","","0.0","","","","","","0.0","","","","13","","49",""
"-102.46","51.26","YORKTON","4019073","2020-11-18","2020","11","18","","6.3","","-5.8","","0.2","","17.8","","0.0","","","","","","0.0","","","","16","","48",""
"-102.46","51.26","YORKTON","4019073","2020-11-19","2020","11","19","","-3.9","","-11.1","","-7.5","","25.5","","0.0","","","","","","2.2","","","","32","","34",""
"-102.46","51.26","YORKTON","4019073","2020-11-20","2020","11","20","","-10.1","","-15.6","","-12.9","","30.9","","0.0","","","","","","0.0","","3","","","","",""
"-102.46","51.26","YORKTON","4019073","2020-11-21","2020","11","21","","-4.1","","-16.5","","-10.3","","28.3","","0.0","","","","","","0.0","","3","","32","","40",""
"-102.46","51.26","YORKTON","4019073","2020-11-22","2020","11","22","","","M","","M","","M","","M","","M","","","","","","M","2","","","M","","M"
"-102.46","51.26","YORKTON","4019073","2020-11-23","2020","11","23","","-5.2","","-12.1","","-8.7","","26.7","","0.0","","","","","","0.0","","1","","16","","46",""
"-102.46","51.26","YORKTON","4019073","2020-11-24","2020","11","24","","-5.4","","-10.6","","-8.0","","26.0","","0.0","","","","","","0.0","","1","","30","","36",""
"-102.46","51.26","YORKTON","4019073","2020-11-25","2020","11","25","","3.6","","-8.5","","-2.4","","20.4","","0.0","","","","","","0.0","","1","","31","","45",""
"-102.46","51.26","YORKTON","4019073","2020-11-26","2020","11","26","","-1.1","","-12.5","","-6.8","","24.8","","0.0","","","","","","0.4","","","","33","","52",""
"-102.46","51.26","YORKTON","4019073","2020-11-27","2020","11","27","","2.8","","-11.5","","-4.4","","22.4","","0.0","","","","","","0.0","","0","","24","","38",""
"-102.46","51.26","YORKTON","4019073","2020-11-28","2020","11","28","","-0.4","","-9.1","","-4.7","","22.7","","0.0","","","","","","0.4","","","","30","","57",""
"-102.46","51.26","YORKTON","4019073","2020-11-29","2020","11","29","","-3.4","","-13.3","","-8.4","","26.4","","0.0","","","","","","0.0","","","","31","","35",""
"-102.46","51.26","YORKTON","4019073","2020-11-30","2020","11","30","","1.3","","-10.6","","-4.7","","22.7","","0.0","","","","","","0.0","","0","","","","",""
"-102.46","51.26","YORKTON","4019073","2020-12-01","2020","12","01","","2.8","","-6.2","","-1.7","","19.7","","0.0","","","","","","0.0","","","","33","","43",""
"-102.46","51.26","YORKTON","4019073","2020-12-02","2020","12","02","","1.1","","-8.6","","-3.7","","21.7","","0.0","","","","","","0.0","","","","","","",""
"-102.46","51.26","YORKTON","4019073","2020-12-03","2020","12","03","","3.5","","-8.7","","-2.6","","20.6","","0.0","","","","","","0.0","","0","","","","",""
"-102.46","51.26","YORKTON","4019073","2020-12-04","2020","12","04","","2.8","","-9.0","","-3.1","","21.1","","0.0","","","","","","0.0","","","","","","",""
"-102.46","51.26","YORKTON","4019073","2020-12-05","2020","12","05","","5.2","","-5.2","","0.0","","18.0","","0.0","","","","","","0.0","","","","","","",""
"-102.46","51.26","YORKTON","4019073","2020-12-06","2020","12","06","","4.8","","-7.0","","-1.1","","19.1","","0.0","","","","","","0.0","","","","","","",""
"-102.46","51.26","YORKTON","4019073","2020-12-07","2020","12","07","","2.8","","-8.3","","-2.8","","20.8","","0.0","","","","","","0.0","","","","","","",""
"-102.46","51.26","YORKTON","4019073","2020-12-08","2020","12","08","","4.7","","-2.5","","1.1","","16.9","","0.0","","","","","","0.0","","0","","","","",""
"-102.46","51.26","YORKTON","4019073","2020-12-09","2020","12","09","","2.2","","-4.5","","-1.2","","19.2","","0.0","","","","","","0.0","","","","","","",""
"-102.46","51.26","YORKTON","4019073","2020-12-10","2020","12","10","","-1.8","","-9.3","","-5.6","","23.6","","0.0","","","","","","0.0","","","","","","",""
"-102.46","51.26","YORKTON","4019073","2020-12-11","2020","12","11","","-5.9","","-11.9","","-8.9","","26.9","","0.0","","","","","","0.0","","","","","","",""
"-102.46","51.26","YORKTON","4019073","2020-12-12","2020","12","12","","-4.4","","-7.0","","-5.7","","23.7","","0.0","","","","","","0.5","","","","18","","35",""
"-102.46","51.26","YORKTON","4019073","2020-12-13","2020","12","13","","-5.2","","-26.7","","-16.0","","34.0","","0.0","","","","","","0.6","","","","31","","50",""
"-102.46","51.26","YORKTON","4019073","2020-12-14","2020","12","14","","-15.8","","-28.7","","-22.3","","40.3","","0.0","","","","","","0.1","","0","","","","",""
"-102.46","51.26","YORKTON","4019073","2020-12-15","2020","12","15","","-9.4","","-15.9","","-12.7","","30.7","","0.0","","","","","","0.0","","","","","","",""
"-102.46","51.26","YORKTON","4019073","2020-12-16","2020","12","16","","-6.3","","-15.5","","-10.9","","28.9","","0.0","","","","","","0.0","","","","","","",""
"-102.46","51.26","YORKTON","4019073","2020-12-17","2020","12","17","","2.2","","-18.0","","-7.9","","25.9","","0.0","","","","","","0.0","","","","21","","45",""
"-102.46","51.26","YORKTON","4019073","2020-12-18","2020","12","18","","-1.3","","-19.4","","-10.4","","28.4","","0.0","","","","","","0.0","","0","","31","","58",""
"-102.46","51.26","YORKTON","4019073","2020-12-19","2020","12","19","","3.5","","-17.1","","-6.8","","24.8","","0.0","","","","","","0.3","","0","","30","","64",""
"-102.46","51.26","YORKTON","4019073","2020-12-20","2020","12","20","","-2.4","","-12.2","","-7.3","","25.3","","0.0","","","","","","2.6","","0","","","","",""
"-102.46","51.26","YORKTON","4019073","2020-12-21","2020","12","21","","-3.1","","-12.0","","-7.6","","25.6","","0.0","","","","","","0.5","","6","","31","","42",""
"-102.46","51.26","YORKTON","4019073","2020-12-22","2020","12","22","","-7.8","","-20.1","","-14.0","","32.0","","0.0","","","","","","4.8","","5","","3","","57",""
"-102.46","51.26","YORKTON","4019073","2020-12-23","2020","12","23","","-17.9","","-24.0","","-20.9","","38.9","","0.0","","","","","","0.0","","10","","35","","35",""
"-102.46","51.26","YORKTON","4019073","2020-12-24","2020","12","24","","-5.2","","-18.0","","-11.6","","29.6","","0.0","","","","","","0.1","","9","","17","","35",""
"-102.46","51.26","YORKTON","4019073","2020-12-25","2020","12","25","","-1.3","","-13.1","","-7.2","","25.2","","0.0","","","","","","0.0","","9","","31","","38",""
"-102.46","51.26","YORKTON","4019073","2020-12-26","2020","12","26","","-7.6","","-14.6","","-11.1","","29.1","","0.0","","","","","","0.9","","9","","","","",""
"-102.46","51.26","YORKTON","4019073","2020-12-27","2020","12","27","","-7.1","","-16.9","","-12.0","","30.0","","0.0","","","","","","0.2","","10","","33","","36",""
"-102.46","51.26","YORKTON","4019073","2020-12-28","2020","12","28","","-7.2","","-19.2","","-13.2","","31.2","","0.0","","","","","","0.1","","9","","","","",""
"-102.46","51.26","YORKTON","4019073","2020-12-29","2020","12","29","","-6.1","","-10.2","","-8.1","","26.1","","0.0","","","","","","0.3","","9","","34","","34",""
"-102.46","51.26","YORKTON","4019073","2020-12-30","2020","12","30","","-8.1","","-14.1","","-11.1","","29.1","","0.0","","","","","","0.0","","9","","","","",""
"-102.46","51.26","YORKTON","4019073","2020-12-31","2020","12","31","","-13.8","","-21.3","","-17.6","","35.6","","0.0","","","","","","0.0","","8","","","","",""
